{"weight": [100, 100000000.0], "style_gram_weight": {"0": 1.0, "2": 0.3333333333333333, "5": 0.16666666666666666, "7": 0.125, "10": 0.09090909090909091, "12": 0.07692307692307693, "14": 0.06666666666666667, "16": 0.058823529411764705, "19": 0.05, "21": 0.045454545454545456, "23": 0.041666666666666664, "25": 0.038461538461538464, "28": 0.034482758620689655, "30": 0.03225806451612903, "32": 0.030303030303030304, "34": 0.02857142857142857}, "learning_rate": 0.05}